url,centroid_sim
http://calendar.uconn.edu/2019/week/51/705,0.7778786
http://calendar.uconn.edu/2021/day/024/560,0.7778786
http://calendar.uconn.edu/2016/week/18/575,0.7778786
http://calendar.uconn.edu/2014/week/37/506,0.7778786
http://calendar.uconn.edu/2020/month/02/504,0.7778786
http://calendar.uconn.edu/2021/day/022/71,0.7778786
http://calendar.uconn.edu/2017/month/10/569,0.7778786
http://events.uconn.edu/2017/day/086/402,0.7778786
http://calendar.uconn.edu/2016/month/12/481,0.7778786
http://events.uconn.edu/2016/week/28/113,0.7778786
http://events.uconn.edu/2019/day/107/536,0.7778786
http://calendar.uconn.edu/2021/day/027/101,0.7778786
http://calendar.uconn.edu/2018/day/287/139,0.7778786
http://events.uconn.edu/2017/day/340/179,0.7778786
http://events.uconn.edu/2018/day/202/112,0.7778786
http://events.uconn.edu/2016/day/283/384,0.7778786
http://events.uconn.edu/2018/day/318/705,0.7778786
http://calendar.uconn.edu/2021/day/021/358,0.7778786
http://events.uconn.edu/2021/day/022/446,0.7778786
http://events.uconn.edu/2018/week/29/505,0.7778786
http://events.uconn.edu/2017/day/73/43,0.7778786
http://calendar.uconn.edu/2020/week/36/675,0.7778786
http://events.uconn.edu/2019/month/12/557,0.7778786
http://calendar.uconn.edu/2015/month/10/562,0.7778786
http://calendar.uconn.edu/2021/day/027/494,0.7778786
http://events.uconn.edu/2016/day/068/75,0.7778786
http://calendar.uconn.edu/2018/week/11/512,0.7778786
http://calendar.uconn.edu/2021/month/01/595,0.7778786
http://calendar.uconn.edu/2017/month/08/138,0.7778786
http://calendar.uconn.edu/2016/week/32/647,0.7778786
http://calendar.uconn.edu/2015/month/10/549,0.7778786
http://calendar.uconn.edu/2018/month/04/479,0.7778786
http://calendar.uconn.edu/2021/day/021/556,0.7778786
http://events.uconn.edu/2016/day/127/512,0.7778786
http://calendar.uconn.edu/2016/week/10/543,0.7778786
http://events.uconn.edu/2016/day/283/235,0.7778786
http://calendar.uconn.edu/2019/week/40/567,0.7778786
http://calendar.uconn.edu/2017/day/293/480,0.7778786
http://events.uconn.edu/2016/day/069/283,0.7778786
http://calendar.uconn.edu/2021/day/022/370,0.7778786
http://calendar.uconn.edu/2019/week/10/85,0.7778786
http://calendar.uconn.edu/2014/month/09/227,0.7778786
http://events.uconn.edu/2017/day/087/626,0.7778786
http://events.uconn.edu/2017/day/341/362,0.7778786
http://calendar.uconn.edu/2019/month/10/155,0.7778786
http://calendar.uconn.edu/2014/week/03/160,0.7778786
http://calendar.uconn.edu/2015/year/445,0.7778786
http://events.uconn.edu/2017/day/037/717,0.7778786
http://international.thenewslens.com/tag/%E8%80%81%E5%B9%B4%E4%BA%BA,0.75963223
http://international.thenewslens.com/tag/%E4%B8%96%E7%95%8C%E7%B4%80%E9%8C%84,0.7589294
http://www.aece.ro/search.php?zoom_and=0&zoom_page=1&zoom_per_page=10&zoom_query=simulation&zoom_sort=1,0.7483501
http://goantiparos.com/media_category/taverna-zombos-antiparos,0.7455198
http://www.tharadhol.com/tag/marry-is-happy,0.74317193
http://cordis.europa.eu/article/id/421837-helping-diabetics-keep-their-feet/pl,0.73991865
http://theroguenews.com/933/home/wise-words-from-lawson-inada,0.73696387
http://cwmla.com/Sitemap,0.73619175
http://castudyweb.com/ca-intermediate-mtp-oct-2019-series-i-auditing-sm-it-eis-question-paper-suggested-answers,0.7319043
http://international.thenewslens.com/tag/%E8%B7%A8%E5%A4%AA%E5%B9%B3%E6%B4%8B%E5%A4%A5%E4%BC%B4%E5%8D%94%E5%AE%9A/hot,0.7286134
http://suncountypanthers.com/Sitemap,0.7246858
http://international.thenewslens.com/tag/%E8%B3%87%E8%A8%8A%E7%90%86%E8%AB%96/social,0.7239268
http://goantiparos.com/listings/antiparos/public-bus-services/attachment/bus-antiparos,0.7238054
http://international.thenewslens.com/tag/%E8%B7%A8%E5%A4%AA%E5%B9%B3%E6%B4%8B%E5%A4%A5%E4%BC%B4%E5%8D%94%E5%AE%9A/social/lastYear,0.72261447
http://www.creativegoround.com?9318746d6/7077aa05h3olvuf7077ce7y2jqee6077aa20.hm=,0.7196579
http://international.thenewslens.com/tag/%E6%9E%97%E6%A6%AE%E5%9F%BA/social,0.7187643
http://international.thenewslens.com/tag/%E5%8F%B0%E5%8D%97%E7%B4%A1%E7%B9%94/social/history,0.7170893
http://www.kiecglobal.com.au/public-health_mph,0.7166941
http://international.thenewslens.com/tag/%E6%B4%8B%E8%8A%8B%E7%89%87/social/lastYear,0.7144887
http://international.thenewslens.com/tag/%E7%81%AB%E7%8B%90/social/lastYear,0.7144085
http://international.thenewslens.com/tag/%E6%B3%A2%E6%96%AF%E4%BA%BA/social/today,0.71388745
http://www.aepm.eu/lien?lang=fr/,0.71358544
http://international.thenewslens.com/tag/%E8%B5%AB%E8%83%A5%E9%BB%8E/hot/lastYear,0.71341157
http://positiveperformancecoaching.com/2010/12/10/weight-loss-strategies-for-cyclists,0.7112713
http://www.allconferencealert.com/event-detail.html?ev_id=556230&eventname=international-conference-on-tissue-science-and-regenerative-medicine-%28iccts%29,0.71074927
http://righttolife.org.nz/category/euthanasia/other-countries/page/3,0.7088101
http://aphaih.org/2013/10/23/mhealth-for-mothers-video-review,0.7081745
http://thealphacentauri.net/75994-bezumnyy-mars-krater-jezero,0.7081244
http://punetech.com/tag/knowledge,0.7080581
http://forum.allaboutcircuits.com/threads/220v-3-5w-led-driver.117568,0.7079894
http://www.sightline.org/2010/01/20/closing-coals-tax-loophole,0.70626897
http://www.careerjobtech.com/2020/11/2020-2.html,0.7037281
http://tuckmagazine.com/2017/08/18/photography-life-adi-ganga,0.7019671
http://www.windsorparkunitedchurch.com/notes-on-the-notes-november-27-2016,0.7013719
http://www.innonmillcreek.com/blog/2008/01/green-eggs-and-glam.html,0.70109147
http://www.nisenet.org/seasons,0.69984186
http://www.huffpost.com/entry/expertise-the-beauty-of-n_b_3273319,0.699258
http://nirmukta.com/2011/12/02/more-truths-about-the-bhagavad-gita?replytocom=611614,0.6990032
http://www.allconferencealert.com/curitiba.html?date=2021-03,0.6987332
http://www.allconferencealert.com/curitiba.html?date=2021-05,0.6987332
http://jassm.org/view-pdf?article=b19641fd06b2ffe6d981c54873ba66a0ggUSQ%3D%3D,0.69835365
http://pincode.panipatonline.in/bo/qawi-bo-30505,0.6969884
http://nowloop.com/blog/national-world-news-1850,0.69690657
http://survivingmexico.com/2017/08/21/natural-healing-tamarindo?_wpnonce=3f761850ba&like_comment=5295,0.6968877
http://popular-archaeology.com/article/archaeologists-uncover-lost-population-of-ancient-amarna,0.6967423
http://www.educatetruth.com/featured/updating-the-sda-position-on-abortion?replytocom=85179,0.69621676
http://theorthodoxchurch.info/blog/news/tag/galilee-archdeacon-evlogios,0.6961372
http://techrights.org/2021/01/18,0.69442534
http://www.genecards.org/cgi-bin/carddisp.pl?gene=TCF4&keywords=GH18J055735&prefilter=genomic_location,0.693895
http://www.ent.iastate.edu/soybeanresearch/search/content?f[0]=im_field_tags%3A278&retain-filters=1,0.6926656
http://livingchurch.org/covenant/2013/06/26/scandalum-magnum-honorary-doctorates-in-the-episcopal-church,0.6916823
http://www.chinasage.info/chars/frad_shell.htm,0.69083405
http://www.asianboxing.info/world-title-previews/category/wba%20middleweight,0.68962055
http://www-6.collection.cooperhewitt.org/objects/18095689,0.68886864
http://highprairiefarms.org,0.68880403
http://financewand.com/the-single-parent-financial-safety-net,0.6871568
http://upge.wn.com?action=search&corpus=current&language_id=5&pagenum=4&search_string=Viktor+Orban+&search_type=all&sort_type=-pub-datetime&template=cheetah-worldphotos/index.txt,0.687099
http://jurnal.ar-raniry.ac.id/index.php/cobaBK/search?subject=kelompok,0.6869621
http://lifeboat.com/ex/bios.david.a.bray,0.68579656
http://www.dailycartoonist.com/index.php/2020/06/26/csotd-incurable-grump-edition?msg=fail&shared=email,0.6852264
http://journals.eco-vector.com/1560-9537/search?subject=morbidity,0.6848049
http://www.upi.com/topic/Ross_Fisher,0.6840699
http://www.allconferencealert.com/event-detail.html?ev_id=567077&eventname=international-conference-on-bioinformatics-biomedicine-biotechnology-and-computational-biology-%28euic3bcb%29,0.68385303
http://www.biochemvtc.com/biochem-news.html,0.6830727
http://www.diamondcanopy.com/2008/04/just-quick-post-today-as-i-really.html,0.6822542
http://gen.cookancestry.com/getperson.php?personID=I63888&tree=1,0.681638
http://www.caminodesantiago.me/community/threads/tv-interview-about-priscillian-and-priscillianism.4534,0.6814419
http://m.chicagoreader.com/Bleader/archives/2011/03/10/swan-boats-dead-in-the-water-at-lincoln-park-zoo,0.6813296
http://www.emarketeducation.in/strong-benefits-social-media-marketing-students,0.6813034
http://fapz.uniag.sk/en/announcements-reader/animal-science-days-2020-call-for-papers-9682,0.6811565
http://www.periodista-es.com/media-tag/promotion,0.68112755
http://alternatives-humanitaires.org/en/category/covid-19-ven,0.68093866
http://strategies.azbuki.bg/en/staregies/sonparticles2016-4/strategii-na-obrazovatelnata-i-nauchnata-politika-godina-xxvii-knizhka-3-2019,0.680351
http://lostnewengland.com/2018/03/newport-tower-newport-rhode-island,0.67932034
http://pincode.barnalaonline.in/so/tallewal-so-12838,0.679144
http://www.allconferencealert.com/event-detail.html?ev_id=547880&eventname=international-conference-on-business-management-and-humanities-%28icbemh%29,0.67889297
http://forthephilippines.blogspot.com/2010/01,0.6782141
http://www.urbancultureinstitute.org/blog/category/materialitaet,0.67759776
http://www.cyclingranking.com/rider/21976/jose-herrada-lopez,0.6767359
http://rangeviewnews.org/22851/ame/covids-impact-on-entertainment,0.67652714
http://pincode.indiaonline.in/haryana/mahendragarh/nagal-katha-7117,0.67640555
http://www.40acressports.com/2012/11/28/wth-moments-texas-vs-tcu,0.6763506
http://www.e-architect.com/barcelona-buildings,0.6762828
http://kcr.sdsu.edu/tag/video-department,0.6758455
http://wrt.futureofwriting.com/tag/sponsored-content,0.6753633
http://www.dianaswednesday.com/2007/06/wednesday-night-1318,0.674916
http://oceana.mi.us/government/departments/sheriff/accident-reports,0.6739125
http://catalogue.nla.gov.au/Record/5364248?lookfor=author%3A%22Stevens+W.+W%22&max=9&offset=2,0.67378795
http://www.factinate.com/things/24-seriously-spooky-facts-haunted-objects,0.6730752
http://cyland.org/lab/10th-cyfest-educational-program,0.6730279
http://www.sman1bolbar.sch.id/personnel-3,0.67246723
http://ucanr.edu/sites/news?blogasset=96261&blogtag=Brent+Holtz&sharing=yes,0.672006
http://www.smartechanalysis.com/reports/am-opportunities-oil-gas,0.67186266
http://www.cyclingranking.com/rider/35859/ivan-ramiro-sosa-cuervo,0.67178357
http://www.newworldencyclopedia.org/entry/Coeducation,0.67073745
http://www.the-sports.org/ajla-tomljanovic-tennis-spf84524.html,0.6703389
"http://www.nevasport.com/phorum/read.php?60,783212,4116509=",0.6702518
http://guide.doctorwhonews.net/person.php?code=3732,0.6702086
http://www.queerscifi.com/robot-nails-backflip-ensures-humanitys-eventual-downfall,0.67004085
http://www.bmoregoodgrief.com/blog/gone-from-my-sight-that-is-all,0.6698818
http://imexassociates.com/4-trends-in-healthcare-it-for-2021.html,0.6696657
http://www.ansirh.org/empowerment-measures?region[0]=881,0.6692624
http://pincode.indiaonline.in/rajasthan/ganganagar/gajsinghpura-3602,0.66715103
http://aims.fao.org/fr/activity/blog/gdpr-data-portability-and-core-vocabularies-published-read-new-isa2-study,0.6669438
http://www.eff.org/ar/issues/innovation?page=6,0.66691685
http://salemathenaeum.net/event/reappraisal-reading-circle-hugh-walpole?instance_id=7315,0.66675234
http://www.planerium.com/shop/coloring-pages/happy-chinese-new-year-2021,0.66642976
http://www.fordhampress.com/2020/11/11/womens-voices-expanding-the-audubon-park-narrative,0.66629577
http://www.emeraldcityfc.org/bobby-howe-bio,0.6661078
http://conidubois.com/2016/05/13/ct-state-historical-preservation-office-is-spotlighting-barkhamsted-lighthouse,0.6660067
http://3chicspolitico.com/2013/12/09/monday-open-thread-61?_wpnonce=580ab36c84&like_comment=214084,0.66542494
http://www.jiva.org/category/questions-answers/page/17,0.6651386
http://alm.plos.org/works/http://doi.org/10.1371/journal.pntd.0001446?relation_type_id=documents&source_id=researchblogging,0.6650927
http://prospect.org/article/spending-much-time-connecting-dots.,0.66488355
http://iframe.radiocut.fm/cuts-by-tag/periodismo?created=all&page=1&type=episode,0.664483
http://www.kiec.edu.np/university/australia/university-of-the-sunshine-coast,0.6644262
http://sharylattkisson.com/2016/11/the-clearest-no-spin-summary-of-fbi-report-on-hillary-clinton-email?replytocom=50123,0.66403735
http://risnews.com/5-retail-benefits-software-defined-edge,0.66350377
http://www.motherjones.com/politics/2008/12/curious-retention-robert-gates,0.6624111
http://www.c2w.nl/nieuws/recyclebare-plastic-ringetjes,0.6616385
http://apcphysio.ie/sports-massage-cork,0.661209
http://bravenewclimate.com/2011/06/07/open-thread-16?_wpnonce=edddd370b6&like_comment=130572,0.6611115
http://bravenewclimate.com/2011/06/07/open-thread-16?_wpnonce=aaaf986d08&like_comment=130363,0.6611115
http://bravenewclimate.com/2011/06/07/open-thread-16?_wpnonce=b726574bb1&like_comment=130565,0.6611115
http://www.cigars.com.au/cigar-festivals,0.66050327
http://www.eugeneweekly.com/2008/06/27/john-mccain-is-a-troll,0.6602243
http://www.zerowasteaustria.at/peoples-design-lab.html,0.65986156
http://www-6.collection.cooperhewitt.org/objects/18732765,0.65934896
http://www.ericanotebook.com/store/p121/Cedrus_atlantica.html,0.65875363
http://showmeinstitute.org/blog/property-rights/private-property-and-the-first-thanksgiving,0.6587494
http://www.indianhistoryandtraveling.com,0.6587281
http://www.fundoogeek.com/2013,0.6583111
http://www.indschools.co.uk/school/greenfieldschoolgu227tp,0.65804845
http://www.ict.edu.om/AWS,0.6577295
http://thesciencebreaker.org/breaks/health-physiology/obesity-the-heavyweight-of-cancer,0.65664244
http://lambourn-valley-benefice.website/event/compline?instance_id=3755,0.6560881
http://www.rcitech.ca/home/tpj/dispatch-communications/sample-dispatch-logs/sandy-hook-elementary-school,0.6556601
http://www.alternet.org/2017/04/trumps-organized-crime-ties-bring-blackmail-white-house,0.6545427
http://jahanbegloo.com/fr/projects,0.6538471
http://www.genecards.org/cgi-bin/carddisp.pl?gene=APOA1&keywords=GH11J116949&prefilter=genomic_location,0.6532112
http://www.dailycartoonist.com/index.php/2019/07/01/csotd-trangling-the-newspaper,0.6524368
http://astrobites.org/2011/03/07/intrinsic-differences-in-agn-accretion-rates,0.6516597
http://www-6.collection.cooperhewitt.org/objects/18634329,0.65160143
http://leadershipwatch-aadboot.com/leadershipwatch-posts/page/5,0.6511772
http://japtr.org/showBackIssue.asp?issn=2231-4040&issue=1&month=January-March&volume=8&year=2017,0.65056413
http://scholia.toolforge.org/topic/Q796860,0.6503824
http://scholia.toolforge.org/topic/Q211661,0.6503824
http://updailyinfo.com/the-top-10-amazing-temples-in-the-world,0.6502799
http://rvanews.com/syndicated/a-history-of-the-chestnut-hillplateau-historic-district/20228,0.6502061
http://newuh.blog/2011/12/30,0.64997923
http://kevinsmithgroup.com/west-chester-limo-service-2,0.6488049
http://laperouseheadland.com/laperouse-expedition/french-first-encounters/first-mail,0.64761895
http://21banyantree.com/2017/02/24/connecting-the-thousand-mantras-of-lalitamba-to-the-chakrass,0.6475035
http://www.starshipsofa.com/blog/2011/01/19/starshipsofa-no-172-ron-goulart,0.6466621
http://infoanew.com/wikipedia/1937%E2%80%9338_Panhellenic_Championship,0.64624226
http://www.nedcc.org/about/nedcc-stories/lincoln-town-archives,0.64488393
http://theorthodoxchurch.info/blog/news/metropolitan-tikhon-seminary-deans-guests-of-indian-orthodox-malankara-church,0.6439133
http://www.foplodge43.org/events/2021-02-19,0.6434885
http://smallbiztrends.com/2011/10/interview-john-lawson-colderice-smbinfluencer.html,0.6433493
http://pincode.westbengalonline.in/malda/talsur-10086,0.64299196
http://www.40acressports.com/2012/11/01/wth-moments-texas-at-kansas,0.6428689
http://www.carbibles.com/best-electric-skateboard,0.6421885
http://popular-archaeology.com/article/endangered-ancient-maya-sites-saved,0.6412809
http://www.prisonerresource.com/parolee/pitfalls-electronic-monitoring,0.64085305
http://studyres.com/doc/1479197/path-integral-quantum-monte-carlo,0.6406528
http://www.handsnet.com/news/3758/1062/U+of+A+Calls+on+Government+to+Ban+Food+Ads+Targeted+at+Children,0.6405939
http://www.ourfamtree.org/albumview.php/First-Ladies-at-the-Smithsonian/16/29220,0.6405202
http://ago.ca/agoinsider/icymi-elder-influence,0.6403227
http://www.eff.org/ru/deeplinks/2018/02/problems-fisa-secrecy-and-automatically-classified-information,0.6401101
http://www.good.is/articles/portlandia-we-put-birds-on-things,0.63931245
http://www.thenakedscientists.com/podcasts/archive/naked-archaeology/hard-reach-heritage-israel-and-peru,0.6389131
http://ewinggreenteam.org/category/delaware-riverkeeper-network,0.6386171
http://www.wonkette.com/a-childrens-treasury-of-so-so-blackberry-photos-from-freedomworks-tax-day-tea-party,0.6385464
http://www.ridgedalepermaculture.com/blog/mushrooms-for-regenrating-polluted-sites-food-production,0.63780123
http://www.cancerjournal.net/showbackIssue.asp?issn=0973-1482&issue=1&volume=12&year=2016,0.6376555
http://lambourn-valley-benefice.website/event/morning-prayer?instance_id=3832,0.6371894
http://lambourn-valley-benefice.website/event/morning-prayer?instance_id=3834,0.6371894
http://manage.thediplomat.com/2021/02/after-manila-the-law-of-armed-conflict-and-victors-justice,0.63699496
http://www.spla.pro/index.php?no=756&page_inc=fiche&type=films,0.6368176
http://www.tectono-business.com/2020/05/new-arrival-printers-and-scanners.html,0.6365626
http://med.stanford.edu/neurosurgery/divisions/radiosurgery_cyberknife/news.html,0.6365428
http://elitehealthyliving.com/the-a-z-of-stretch-marks,0.63643885
http://www.tectono-business.com/2019/08/100-humongous-gbooossssaaa-for-doyen-of.html,0.6340766
http://www.sopghreporter.com/addyourcomment/20598?r=/story/2020/04/28/entertainment/memoir-of-homestead-steel-mill-a-riveting-page-turner/20598.html,0.63401246
http://www.the-sports.org/cycling-zellik-galmaarden-results-2012-epr36138.html,0.63347274
http://bestageforever.com/portfolio/physiotherapy,0.63346213
http://thehealthcareblog.com/blog/2013/05/03/box-picking-up-where-google-health-left-off,0.6334619
http://eandjbbq.com/placesthatcaterSanFrancisco.php,0.6330793
http://www.bourkeaccounting.com/blog/2021/01/dont-eat-the-candy,0.63299644
http://hrtechweekly.com/tag/robots,0.63271564
http://www.celebrityborn.com/biography/shammu/7016,0.6326042
http://research.omicsgroup.org/index.php/WEPN_(AM),0.6325253
http://novusordowatch.org/2020/05/tradcast-027,0.63245666
http://hoboscore.com/en/england/league-cup/lincoln,0.63229394
http://thedailyeye.info/post.php?id=2af9bae2b1c2ebcf&title=Remembered%3A-Mulk-Raj-Anand,0.63225776
http://jazamin.co.uk/tag/uk,0.6317699
http://transhumanist-party.org/2017/05/28/kevin-baugh-interview,0.6314862
http://stocks.earningsahead.com/symbol/anf,0.63134736
http://www.alamongordo.com/prophecies-for-2018,0.63123643
http://www-6.collection.cooperhewitt.org/objects/18696105,0.6310255
http://www.pua.edu.eg/continuing-education/training-center/contact-us-2,0.6308032
http://wordingvibes.com/amazing-happy-anniversary-wishes-for-a-brother,0.630721
http://movietvtechgeeks.com/love-hip-hop-new-york-episode-4-recap-ciscos-surprise-baby-gunz-keeps-playing,0.6307074
http://bornglorious.com/deathanniversary?ct=/m/077qn&pd=nextweek&pl=/m/0fhzf,0.6305498
http://greglancaster.org/tag/prophecy,0.63054085
http://photochallenge.tempusaura.com/2009/10/2009-challenge-day-297-leds,0.63028383
http://research.omicsgroup.org/index.php/33rd_British_Academy_Film_Awards,0.6299158
http://www.training-labs.com/601_1.html,0.62925273
http://tammylu.net,0.62901074
http://preprod.motherjones.com/politics/2006/07/prison-guards-lock-down-schwarzenegger,0.628909
http://www.theatlantic.com/notes/all/2017/04/staff-picks-for-poetry-month/521652,0.6287025
http://geopolitics.co/tag/israeli-government,0.62790525
http://www-6.collection.cooperhewitt.org/objects/18564247,0.62693405
http://stopthecrime.net/wp/category/accounting-fraud,0.62578636
http://retraitesdeyoga.com/toutes-les-retraites/clinique-sup-surf-yoga-fitness-a-cocoa-beach,0.62542033
http://exceptionaldelaware.wordpress.com/tag/autism,0.6249265
http://www.editorialcartoonists.com/media-tag/prewar,0.6249074
http://www.expertmarket.co.uk/office-spaces/best-countries-for-social-distancing,0.62477106
http://edifyedmonton.com/style/fashion/style-qa-the-eccentric-filmmaker,0.62470275
http://weavers.adu.org.za/newstable.php?id=690,0.62391126
http://weavers.adu.org.za/newstable.php?id=693,0.62391126
http://caitandtiff.com/2016/12/01/t-go-away-eat-sleep-walk-ubud,0.6235765
http://catalogue.nla.gov.au/Record/5668332,0.6234446
http://popculthq.com/2015/07/07/new-publisher-aftershock-comics-announces-team-of-writers-ennis-gaiman-and-more?msg=fail&shared=email,0.62304837
http://www.dunyahalleri.com/haftanin-ozeti-176,0.6228693
http://www.desiblitz.com/content/usha-patels-murder-warning-online-dating,0.6222939
http://cimsec.org/tag/denmark,0.6222575
http://bmoreart.com/2017/01/not-so-starving-artists-noodle-charm.html,0.6220056
http://santonino-nz.org/event/sinulog-fiesta,0.6218991
http://carrotranch.com/2021/01/28/special-collection-flash-fiction-challenge,0.6217766
http://bdeduarticle.com/strategic-planning-for-distance-education,0.62174976
http://en.google-info.org/5678234/1/jewish-museum-finchley.html,0.6217258
http://www.ligimd.com/gastroenterologist-east-patchogue-ny,0.62161666
http://stocks.earningsahead.com/symbol/anet,0.6215854
http://insights.dice.com/2021/02/04/top-20-metro-areas-hiring-technologists-right-now,0.6213038
http://studyres.com/doc/834485/one-god-tawheed,0.62117994
http://theindustryscope.com/tag/coming-out,0.62085986
http://bornglorious.com/deathanniversary?ct=/m/01ls2&pd=07&pf=/m/01d30f,0.6205145
http://wusfnews.wusf.usf.edu/politics/2018-08-29/adam-putnams-path-to-governors-mansion-gets-derailed,0.62043226
http://www.jiva.org/page/61,0.6199689
http://www.gurufocus.com/financials/PRDO&r=caf6fe0e0db70d936033da5461e60141&utm_source=yahoo&utm_medium=article&utm_campaign=yahoo,0.6199391
http://andreasspeck.info/content/queerissues,0.6198716
http://www.nevasport.com/perfil/El%20Ni%C3%B1o,0.61917996
http://www.worldconferencealerts.com/conferencedetail/WLD216149/2021-international-conference-on-humanities-social-sciences-business-management-23-march-brunei,0.6186984
http://thelogbookproject.com/harold-billow,0.6184819
http://hypetv.es/coron-palawan-filipinas,0.6184406
http://knowledgology.com/sanskrit-noun,0.6184304
http://sandiego.surfrider.org/city-of-san-diego-bag-ban-update,0.6180047
http://www.catholicscientists.org/about/leadership,0.61781627
http://celp.org/litigation/dungeness-river,0.617712
http://entryboss.cc/races/5263,0.61702454
http://collapseofindustrialcivilization.com/tag/6th-mass-extinction,0.61644137
http://en.hoteldelmar.pl/kinderurlaub,0.6162879
http://pharmaceuticalintelligence.com/2012/10/30/ubiquinin-proteosome-pathway-autophagy-the-mitochondrion-proteolysis-and-cell-apoptosis,0.6162677
http://bravenewclimate.com/2014/09/06/deep-space?replytocom=293033,0.6162392
http://www.smithsonianmag.com/smart-news/peculiar-story-giraffes-medieval-china-180963737,0.61592054
http://bunkaglobalfashion.com/events,0.6158648
http://www.theatlantic.com/liveblogs/2016/07/live-coverage-of-the-democratic-national-convention-day-4/493385/38,0.615723
http://peopleandplanet.org/university/129371/ul19,0.6152351
http://www.ourfamtree.org/historical.php/statue-of-liberty,0.61445963
http://agringoinmexico.com/2020/07/28/the-beatles-in-mexico?msg=fail&shared=email,0.6135279
http://www.nevasport.com/perfil/peperaboso,0.6132578
http://petersontoscano.com/christian,0.6127727
http://www.qppstudio.net/publicholidays2021/morocco.htm,0.61202943
http://lanescove.org/2015/06/29/526,0.611338
http://undergrad.admissions.columbia.edu/content/control-top,0.61120284
http://www.mcgonagall-online.org.uk/news/2013/11,0.6110238
http://transportist.org/2019/04/12,0.6108037
http://www.jimcamacho.com/3262014-the-chapel,0.61048675
http://www.nzedge.com/news/new-zealand-passport-power-rank-eight,0.6103835
http://eandjbbq.com/barbequecatering.php,0.6100185
http://www.flyersfancentral.com/2017/09/flyers-release-2017-training-camp-schedule-and-roster,0.6099454
http://newera.news/marys-perpetual-virginity-proven-by-scripture,0.6091553
http://preprod.motherjones.com/politics/2013/04/arms-trade-treaty-nra-amnesty-obama,0.6089817
http://bodyartdiary.com/davey-jones-by-mike-devries.html,0.60854185
http://curationclub.com/pga-championship/3196,0.60851645
http://sacredcowchips.net/tag/regulatory-state,0.60849965
http://erledardick.com/tag/los-angeles,0.60840005
http://familyfriendlydaddyblog.com/tag/scottish,0.60728884
http://westgodavari.ap.gov.in/history,0.60714054
http://nationalinterest.org/blog/buzz/battleship-vs-battlecruiser-americas-last-battleship-vs-russias-deadly-kirov-class-who,0.6067389
http://www.gem.wiki/Bobby_Ray_Inman,0.60647076
http://blog.astrogaming.com/2016/03/team-kultur-der-schreibtisch,0.60631335
http://www.enkil.org/2007/02/28/john-jude-palencar,0.6061446
http://21banyantree.com/tag/coaching,0.6061189
http://anneyoungau.wordpress.com/category/places/australia/victoria/apollo-bay,0.60517395
http://www.safetytrainingconsulting.com/osha-30-cedarhurst,0.6045742
http://daveberta.ca/tag/alberta-chambers-of-commerce,0.6035334
http://phys.org/tags/accelerometer/sort/popular/1m?deviceType=mobile,0.6035217
http://sportsspectrum.com/sport/olympics/2018/02/22/skeleton-racer-simidele-adeagbo-making-history-trusting-god,0.6034578
http://www.leanblog.org/2008/07/tesco-understands-economics,0.60322726
http://celsius.network/our-team,0.60317844
http://rugbyremembers.wordpress.com/tag/bth,0.60311085
http://beijingcream.com/2012/06/restaurant-in-harbin-employs-robots-including-wall-e,0.6021582
http://releases.morrissey-solo.com/threads/billy-bragg-long-statement-re-morrissey-on-facebook-7-july-2019.144525/page-18,0.6020161
http://identify.plantnet.org/lapaz/species/Baccharis%20papillosa%20Rusby/data,0.60182977
http://www.militarycampgrounds.us/california/san-onofre-recreation-beach,0.5995908
http://www.pua.edu.eg/faculty-of-arts-and-design/courses/spring-semester/d-233-shading-theory,0.5990137
http://pokerati.com/tag/bitcoin-exchanges,0.59901285
http://riverviewobserver.net/category/general,0.5990081
http://www.smithsonianmag.com/science-nature/neuroscience-explores-why-humans-feel-empathy-for-robots-38883609?no-ist=,0.5987574
http://childprotection.unigre.it/index.php?smid=318&smsite=ugcz&smtemp=14,0.5986295
http://evawollenberg.com/2018/12/5130,0.5981592
http://www.uniag.sk/en/erasmus?page_n366=6,0.598055
http://www.jimmycricket.co.uk/news/tag/edinburgh-comedy-festival,0.5980121
http://blogs.surrey.ac.uk/politics/2019/09/22/20-years-after-kosovo,0.59775496
http://www.earned-runs.com/blog/run-walk-across-america-week-14,0.5975933
http://parkcitiespeople.com/2010/05/05/preston-royal-how-bout-nuestra-forest,0.59755147
http://www.law-wv.com/blog/2019/november/understanding-concussion-severity,0.59735847
http://www.militarycampgrounds.us/maryland/annapolis-famcamp,0.5973513
http://themagpiegazette.com/2020/12/20/can-you-see-me-now,0.59700704
http://wewanttolearn.wordpress.com/tag/westminster-university,0.5969459
http://h1bdata.info/index.php?city=&em=CHAGS+HEALTH+INFORMATION+TECHNOLOGY+LLC&job=SOFTWARE+DEVELOPER,0.59658456
http://rebaneruminations.typepad.com/rebanes_ruminations/2018/10/sandbox-19oct18.html?cid=6a00e54f86f2ad8833022ad39c35f6200d,0.5955384
http://governancexborders.com/2012/02,0.5953521
http://news.kgnu.org/2015/05/25th-anniversary-of-judi-bari-bombing,0.5951477
http://www.jaguarheritage.com/jaguar-history/jaguar-engineering/ingenium-engines,0.59513086
http://rgp.com/human-insight/the-agile-cure-for-continuity-in-a-crisis,0.59470224
http://blogs.ucl.ac.uk/museums/2015/05/04/specimen-of-the-week-week-186,0.59468436
http://potentnews.com/2014/12/30/the-interview-a-sony-false-flag-hack-and-hollywoods-empire-of-mediocrity,0.5942813
http://www.grants-gov.net/grants_gov_display.php?program=PAR-17-465,0.59366137
http://upge.wn.com?activate=details&ads=1&author=system&auto=Occupational+safety&domain_name=occupationalsafety.net&pagenum=2&query=Occupational+safety&standalone=1&template=cheetah-photo-search/index.txt&title=Occupational+safety,0.5935234
http://www.good.is/articles/the-santorum-effect-why-culture-debates-are-recession-proof,0.5929048
http://conorneill.com/tag/humanities,0.59270895
http://catamountsportsblog.blogspot.com/2013/12/2014-wcu-football-prospect-anthony.html,0.5925425
http://exceptionaldelaware.wordpress.com/tag/mentors,0.5925108
http://www.cgdev.org/global-development?amp;amp;f[1]=field_tags%3A1425316&amp;amp;f[2]=field_tags%3A1425359&amp;amp;f[3]=field_tags%3A1425360&amp;f[1]=field_tags%3A1425398&f[0]=created%3A2009&f[1]=field_tags%3A1425359&f[2]=field_tags%3A1425321,0.5924299
http://www.upi.com/topic/Jean_Smart,0.5924189
http://focusphere.net/stories/comment/tart-wreck-repackage,0.5921048
http://www.computerweekly.com/news/2240083381/Data-disk-pioneers-get-Nobel-award,0.592062
http://www.lmlpa.org/author/mikeriley,0.5919175
http://yocket.in/universities-in-sweden/electrical-electronics-telecomm?cid=10727,0.59190136
http://cultureofchemistry.fieldofscience.com/2007/05/carbon-footprint-of-that-computer.html?showComment=1273504005040,0.5915686
http://www.laptoplifepro.com/tag/astroloji-tahmini,0.59117615
http://www.ottawagolfblog.com/2010/01/thp-giving-away-more-stuff.html,0.5908983
http://punetech.com/tag/award,0.5906481
http://cornellsun.com/2009/03/09/browser-wars,0.5904279
http://fatgirltoironman.co.uk/2014/08/31/fowey-harbour-swim-2014,0.5898665
http://www.mkcreativemedia.com/publicpolicy-5-facts-about-the-anti-healthcare-reform-mobs,0.5896572
http://evilleeye.com/news-commentary/humor/emeryville-mayor-declares-moratorium-on-alcohol-delivery-video-streaming-services?msg=fail&shared=email,0.5895417
http://www.giampierogramaglia.eu/gpnewsusa2020/2021/02/12/usa-impeachment-ii-prove-in-serie-contro-trump-repubblicani-imbarazzati,0.58918804
http://bright-green.org/2015/05/19/the-roma-a-different-story,0.58890927
http://rasa.ws/rasa-library-menu-page/rasa-library-menu-journals/news-by-degrees-v21/history-of-canadian-astrology,0.58881116
http://www.theguardian.com/media/2011/dec/19/monday-note-2012-media-watchlist,0.58831155
http://www.sott.net/category/18%3Fpage=13?page=1,0.5880276
http://briefly.co.za/75843-bobby-shmurda-bio-age-crime-history-release-date-hot-ngga-height-net-worth-profile.html,0.587881
http://kuklaskorner.com/spector/comments/management_the_root_of_canadian_clu,0.5872683
http://psi-k.net/wps_forum_subs/harry-kp074gmail-com-3,0.58717453
http://psi-k.net/wps_forum_subs/zeller-3,0.58717453
http://psi-k.net/wps_forum_subs/mukul-4,0.58717453
http://psi-k.net/wps_forum_subs/subhrashis-4,0.58717453
http://psi-k.net/wps_subs/dj38-23,0.58717453
http://psi-k.net/wps_forum_subs/soran122-5,0.58717453
http://psi-k.net/wps_forum_subs/fedor-2,0.58717453
http://www.northcoastjournal.com/humboldt/de-de-pyaar-de/Film?oid=13776333,0.5871732
http://go4quiz.com/michael-faraday-quiz-trivia-questions-answers,0.58676755
http://nativeministry.org/2018/04/05/february-march-prayer-letter,0.5865446
http://tasis.ch/page.cfm?newsid=1591&p=5716,0.5864847
http://forimmediaterelease.net/tag/hong-kong/page/2,0.5863395
http://discover.hubpages.com/business/go-here-next-dot-com,0.58556336
http://www.queerty.com/shelley-duvall-cleans-up-the-halloween-mess-with-shining-surface-cleaner-20151028,0.5851621
http://rebaneruminations.typepad.com/rebanes_ruminations/2019/06/sandbox-22jun19.html?cid=6a00e54f86f2ad88330240a4b82a5b200b,0.5851344
http://transportist.org/2017/06/12/the-sorry-urban-interface-of-the-metropolo-hotel-in-shanghai,0.5851133
http://skepticheads.com/tag/csicon,0.5848827
http://wikien4.appspot.com/wiki/Economic_policy_of_Donald_Trump,0.5848316
http://www.nbs.de/en/terms-and-conditions-for-visiting-international-students,0.5839298
http://thesaker.is/false-flags-fluttering-in-the-empires-hot-air?replytocom=260916,0.58366233
http://manchesteruniversitypress.co.uk/blog/2020/04/16/hattie-jacques-escaping-matrons-round,0.58309895
http://watchingguide.com/spectrum-tv,0.58238363
http://cricket-belgium.com/category/crichq-fr-3,0.58223784
http://www.tahanee.org/post/women-who-cheat-speak-out,0.58203906
http://www.katyjon.com/tag/abraham-lincoln,0.5819713
http://studyres.com/doc/649077/what-is-judaism,0.5800642
http://exceptionaldelaware.wordpress.com/tag/bob-stachnik,0.5800136
http://www.pa.org.za/person/solomon-lechesa-tsenoli,0.57953537
http://elifesciences.org/articles/21393,0.5792731
http://evnwla.com/2016/10/04/please-attend-elysian-valleys-neighborhood-watch-meeting-today-tuesday-1042016,0.57875836
http://ecommerceday.org/redbanc,0.5787312
http://ck2.paradoxwikis.com/The_Reaper's_Due,0.57842636
http://www.onejerusalem.com/tag/electric-nose,0.5782726
http://www.grants-gov.net/cfda.php?CFDANumber=16.576,0.57781005
http://cic.nyu.edu/topic/united-nations?page=6%2C5%2C0%2C0,0.57759166
http://cic.nyu.edu/topic/united-nations?page=6%2C19%2C0%2C86,0.57759166
http://forums.bharat-rakshak.com/viewtopic.php?p=2270203,0.57729346
http://cvltnation.com/eric-cope-aka-black-dog-bone-changed-80s-post-punk-90s-underground-hip-hop-media,0.5768087
"http://independentaustralia.net/life/life-display/tragic-neglect-who-is-checking-on-the-ndis-most-vulnerable,13958",0.5767069
http://open.library.ubc.ca/collections/bcsessional/items/1.0373681,0.57665
http://blog.cirm.ca.gov/tag/salk-institute,0.5766073
http://sacraparental.com/2013/11/15/hopefully-not-passing-on-rape-culture?replytocom=5655,0.57638717
http://sacraparental.com/2013/11/15/hopefully-not-passing-on-rape-culture?replytocom=5653,0.57638717
http://www.stpetertuscamez.com/event/st-peter-easter-program?replytocom=4216,0.5755043
http://www.icanparty.ca/en/tag/fed2015,0.57369816
http://scienceglobalnews.com/nature/for-the-first-time-electric-eels-have-been-seen-hunting-and-zapping-prey-as-a-group,0.57322085
http://getonboardaustralia.com.au/an-important-community-message,0.5729354
http://www.starandcrescent.org.uk/2020/09/14/hidden-places-around-portsmouth-not-everything-is-black-and-white,0.57286096
http://www.ijsr.net/get_count_search.php?paper_id=ART20199404,0.57269824
http://bravenewclimate.com/2011/04/07/lessons-nuclear-quake-tsunami?_wpnonce=73c5ad6716&like_comment=123797,0.57248104
http://japansociology.com/tag/william-i-robinson,0.57171863
http://structuredsettlements.typepad.com/structured_settlements_4r/2012/05/settlement-planning-post-mortem-liquidity-needs-and-estate-planning-nyctnj.html,0.57158923
http://nice-network.org/Erfahrungsberichte/spanisch-intensivkurs,0.5715796
http://catalogue.nla.gov.au/Record/1764203/Copyright?lookfor=subject%3A%22Students+--+Health+and+hygiene+--+Western+Australia.%22&max=11&offset=10,0.5707104
http://www.windermeresun.com/2020/03/25/senate-white-house-reached-deal-on-2-trillion-coronavirus-stimulus-bill,0.57035166
http://forsea.co/foreign-powers-political-elites-and-ruling-regimes-enabled-dutertes-rise-to-power,0.5700777
http://kids.kiddle.co/Palaeoechinastacus,0.56982195
http://christiannewsjournal.com/the-controversy-over-cuties-why-the-movie-is-so-wrong,0.56955826
http://doctorspin.org/science/media/alternative-facts,0.56950516
http://www.kdfc.com/culture/staff-blog/classical-california-ultimate-playlist/tchaikovsky-nutcracker,0.5693604
http://www.blueprint.ng/nigeria59-kudos-knocks-for-power-sector,0.5684482
http://blog.obinna.com.ng/2019/06/25,0.56792545
http://mmalife.com/ufc-253-adesanya-v-s-costa-4-others-are-set-for-main-events,0.5678129
http://beingoutsidecricket.com/2018/09/11/england-vs-india-5th-test-day-5-fin?_wpnonce=259dba0efc&like_comment=56831,0.567405
http://terriersbaseball.com/Articles/5774/Eight_Terriers_Invited_To_2Nd_Oyt_Camp,0.5672631
http://pacmanmuseum.com/history,0.5670086
http://7anews.com/corona-protirodh-committee-has-made-by-mitali-sangha-members,0.5650853
http://www.konsultaniso17025.com/2018/12/penyusunan-sistem-dokumen-mutu-isoiec.html,0.56495124
http://in-sport.eu,0.56487024
http://forums.bharat-rakshak.com/viewtopic.php?p=2351681,0.5644449
http://timesofsandiego.com/life/2019/12/24/project-will-turn-major-section-of-concrete-lined-chollas-creek-into-natural-waterway,0.56382453
http://www.luxuo.com/style/watches/90th-anniversary-of-longines-lindbergh-hour-angle-watch.html,0.56232905
http://exceptionaldelaware.wordpress.com/tag/red-clay-consolidated-board-of-education,0.5622639
http://thepolicytimes.com/india-sends-105-member-medical-team-in-uae-for-corona-medical-mission,0.56223536
http://parmafansworldwide.com/category/network,0.5610133
http://crblm.ca/research/research-spotlight/animals,0.5601994
http://www.editorialcartoonists.com/media-tag/president-obama-flippant-dismissal-of-the,0.55972487
http://lordsofthedrinks.com/2013/05/02/the-mysterious-bac-scores?_wpnonce=656f7e14ed&like_comment=26028,0.5593175
http://ontario-wind-resistance.org/2010/10/04/wind-farm-report-angers-opponents-of-horizon-project,0.5590453
http://aemha.ca/Teams/1230/Schedule,0.5590159
http://catalogue.nla.gov.au/Record/4046160/UserComments,0.55866945
http://mastersofmedia.hum.uva.nl/blog/2010/09/22/picnic10-live,0.5585344
http://www.bornglorious.com/norway/birthday?pd=0121&pl=585,0.55849403
http://www.theyworkforyou.com/debates?id=2021-01-11c.59.2,0.5584472
http://covidresearchtrials.com/01012021/output/covid/vaccine/vaccineCondition63.html,0.5577364
http://bymusic.org/blog/2008/05/blog/the-by-blog/index.php?Itemid=&cat=7&option=com_mojo,0.5577117
http://www.collegefactual.com/colleges/college-of-mount-st-joseph/academic-life/distance-learning,0.55659926
http://kuklaskorner.com/hockey/comments/kessel-unconcerned-with-spotlight-involved-with-returning-to-toronto,0.5560634
http://www.flyersfancentral.com/2017/10/how-andrew-macdonalds-injury-affects-the-flyers,0.55453587
http://agameofskill.com/tag/uk,0.5542834
http://planitmetro.com/tag/access,0.554253
http://princetoncomment.com/2018/11/15/entertaining-engineer-prudhomme,0.553916
http://www.saba-news.com/commissioner-zagers-and-island-secretary-muller-discuss-longer-term-issues-in-the-hague,0.5536678
http://www.hdlu.hr/eng/home-hdlu/plans-and-projects-for-adaptation,0.5534325
http://nextmapping.com/best-way-compete-future-create-2,0.55298615
http://momente.md/2014/01/24/testing-the-elements,0.5529737
http://www.medicalcouncil.co.uk/2017/11/medical-license.html,0.5528778
http://coldwaterwildcats.ca/Pages/2830/Constitution_2020,0.5526515
http://shawellnessclinic.com/en/shamagazine/bhante-kondanna-at-sha,0.55204916
http://www.nationaloff-roadjeepassociation.com/category/articles,0.5516554
http://www.7rangers.com/2020/11/us-election-fraud-and-media-deceptions.html,0.55147934
http://phys.org/tags/drosophila/sort/rank/1w?deviceType=mobile,0.5508717
http://hericanes.ca/Teams/1087/Games/14084,0.5506711
http://www.stemlynsblog.org/jc-paramedic-trial-m-cpr-st-emlyns,0.5501964
http://greatpowerrelations.com/great-powers/status-of-great-powers/key-drivers-of-political%E2%80%A8-capabilities/political-drivers-in-russia,0.55015886
http://www.nephronpower.com/2013/08,0.54944986
http://www.gregoryburns.com/2007/05/01/sea-maldives-2007,0.5493006
http://thirtytwo.tv/work,0.54900473
http://www.jobtiger.bg/calendar?day=18&ln=1&month=01&year=2021,0.5487393
http://www.worldincbook.com/excerpt_02.html,0.5482432
http://www.housingstudies.org/data-portal/geography/armour-square,0.54578197
http://archive.advancedfootballanalytics.com/2013/12/playoff-projections-week-13.html?showComment=1386288267505,0.5451046
http://www.askphysics.com/tag/nature,0.54479194
http://www.theyworkforyou.com/wrans?id=2017-02-28.66047.h,0.5431464
http://wallstreetpit.com/85802-nonlinear-thinking-robot-run-warehouses,0.5417632
http://archives.alumniroundup.com/tag/treyvon-martin,0.54059505
http://www.celebrityborn.com/biography/sabri-khan/13713,0.54031956
http://www.glennbeck.com/2017/08/16/wanting-heroic-courage-needing-a-president,0.53931576
http://smokeybarn.com/driver-survives-50-foot-roll-down-ravine-in-springfield-early-new-years-day,0.53798926
http://austrian.economicblogs.org/cafe-hayek/2021/boudreaux-quotation-691,0.5378353
http://www.uns.ac.rs/index.php/en,0.5365607
http://www.kingscountypolitics.com/bklyn-lawmakers-on-the-move-dec-1-2020,0.53607476
http://blog.rcaap.pt/2014/04/07/rcaap-assinala-dia-mundial-da-saude,0.5346053
http://www.bornglorious.com/norway/birthday?ad=50616&pd=0131,0.5343643
http://peoplepill.com/people/claude-sabbah,0.5337464
http://futuraomnimedia.net/tag/biology,0.5334929
http://www.theyworkforyou.com/wrans?id=2015-06-15.2522.h,0.5334585
http://www.glennbeck.com/2017/08/07/scott-pruitt-says-epa-must-be-held-accountable-for-its-own-incompetence,0.5332558
http://thelondoncolumn.com/category/dereliction,0.5332016
http://www.gravelcyclist.com/videos/pelham-baconton-camilla-beyond-rambling-about-georgia-usa,0.53239036
http://forbetterscience.com/2019/06/18/manchester-research-misconduct-concerned-only-one-member-of-the-research-group?_wpnonce=c6dd5ab52e&like_comment=61255,0.5318949
http://forbetterscience.com/2019/06/18/manchester-research-misconduct-concerned-only-one-member-of-the-research-group?_wpnonce=97ffaeccf2&like_comment=54519,0.5318949
http://www.banglacricket.com/alochona/showthread.php?goto=nextoldest&s=c08e4fbe075e1275ecfbfb1867993766&t=41831,0.5312538
http://theamphour.com/235-an-interview-with-matt-richardson-raspberry-risorgimento-regent,0.53115624
http://tradeonline.ca/2016/10/30/crb-index-22-february-low,0.5298314
http://www.christophe-barraud.com/en/europe-covid-19-point-sur-la-situation-20-octobre,0.5295008
http://theorthodoxchurch.info/blog/news/tag/juan-maria,0.529017
http://www.glennbeck.com/glenn-beck/cal-state,0.52892375
http://neonatalwombwarriors.blog/2019/05/05/3114,0.5279983
http://www.worldsportspredict.com/despite-being-t20-world-champions-sri-lanka-are-an-embarrassment,0.5275601
http://www.fatherly.com/news/costco-giant-bear-comeback,0.52664316
http://www.whatsonweibo.com/chinese-government-declares-new-national-holiday,0.5266011
http://www.quizmastertrivia.com/2016/10/todays-article-otto-lilienthal.html,0.52644044
http://www.justinholman.com/2021/02/23/lesson-11-chinas-dramatic-rise,0.5260071
http://www.peoplefinders.com/name/robt-kosut,0.52600443
http://thenewshook.com/results.php?cig=true&q=aHR0cHM6Ly93d3cuZmFybWVyc3dlZWtseS5jby56YS9hZ3JpLW5ld3Mvc291dGgtYWZyaWNhL2Zhcm13b3JrZXItZGVhZC1udW1lcm91cy1pbmp1cmVkLWluLXR3by1yb2FkLWFjY2lkZW50cy8%3D&urlSubmit=true,0.52424645
http://prescotonline.co.uk/index.php/tag/merseyside-police/page/6,0.52424115
http://clauslab.net/metabolomics-fingerprinting-of-the-time-of-death,0.52310455
http://peepztees.com/give-me-the-beat-boys-and-free-my-soul-shirt,0.523017
http://findascholarship.com/pepsi-scholarship?replytocom=2801,0.52125543
http://prescotonline.co.uk/index.php/2015/05/20/elizabethan-fayre-back-in-prescot-for-2015,0.5206677
http://www.earth.com/image/city-lights-surround-the-persian-gulf,0.5205529
http://longtermrisk.org/the-case-for-suffering-focused-ethics,0.51931083
http://redstate.com/setonmotley/2015/09/28/dcs-latest-self-inflicted-crisis-run-budget-october-1-n54327,0.5190959
http://www.theyworkforyou.com/wrans?id=2015-01-21.221515.h,0.51844525
http://thesaker.is/each-click-brings-us-one-step-closer-to-the-bang?replytocom=514839,0.5180115
http://thesaker.is/each-click-brings-us-one-step-closer-to-the-bang?replytocom=514477,0.5180115
http://www.theyworkforyou.com/wrans?id=2021-01-18.139050.h&p=25277,0.5175274
http://www.ayoungertheatre.com/brighton-fringe-review-a-clockwork-orange-the-warren,0.51710343
http://kennethmhill.com/hon_english_10/greek_philosophy,0.5161526
http://gradschool.duke.edu/professional-development/blog/alumni-profiles-series-jothy-rosenberg,0.51596004
http://corpgov.law.harvard.edu/2019/06/28/baby-on-board-remarks-before-the-society-for-corporate-governance-national-conference,0.51448613
http://exceptionaldelaware.wordpress.com/tag/delaware-state-university,0.51433057
http://nmmasons.org/appendant-bodies,0.51392376
http://odommobangladesh.org.bd/2019/09/24/terms-and-conditions-odommo-bangladesh-foundation?msg=fail&shared=email,0.51315016
http://loveexpands.com/author/tony-robbins,0.5126463
http://www.findtennislessons.com/city/palmetto-estates-tennis-lessons-fl,0.5123017
http://www.theyworkforyou.com/lords?id=2019-07-15b.4.1&s=speaker%3A25174,0.51118517
http://www.sciencehistory.org/learn/science-matters/case-of-rare-earth-elements/producers-role-c,0.51106536
http://www.drelist.com/blog/orgasm,0.5082749
http://humanrightsscores.org,0.5073111
http://agreatnumberofthings.com/solving-nascars-racetrack-problem-1,0.50717604
http://www.findtennislessons.com/city/south-miami-heights-tennis-lessons-fl,0.5067669
http://www.usconstitution.net/const.html/xconst_Am2.html,0.5062928
http://www.theyworkforyou.com/wrans?id=2013-09-13b.169162.h,0.5051316
http://daveberta.ca/tag/alberta-craft-breweries,0.50505894
http://www.quizmastertrivia.com/2016/06/todays-article-marty-mcfly.html,0.50500596
http://terriersbaseball.ca/Teams/1016/Calendar,0.50452566
http://waxers.com/Teams/1052,0.50452113
http://www.theindustrycosign.com/jordan-coleman-american-university-tedx-event,0.50203943
http://www.theyworkforyou.com/debates?id=1980-06-04a.1540.0,0.49745873
http://www.lifehack.org/357678/8-things-that-only-people-with-inner-confidence-know,0.49647754
http://www.syfy.com/syfywire/nasa-launches-a-probe-to-study-the-most-dangerous-star-in-the-sky-the-sun,0.49580663
http://celebritynetworthwiki.org/richest-actors/manjeri-narayanan-nambiar-net-worth,0.49517035
http://writings.stephenwolfram.com/2019/10/announcing-the-rule-30-prizes?replytocom=1767119,0.49486205
http://www.theyworkforyou.com/wrans?id=2015-10-27.HL3044.h,0.4936731
http://nigeriatodaynews.ng/edo-state-governorship-election-date-released,0.49161446
http://canadianelectionatlas.blogspot.com/p/pei-maps.html,0.49143443
http://climate-woodlands.extension.org/determining-your-objectives-for-a-forest-management-plan,0.4899581
http://www.tutordoctor.com/central-coast/about-us,0.48966113
http://washingtondccriminallawyer.net/dc-dui-lawyer/traffic-stops/checkpoint-information,0.48444337
http://politicsthatwork.com/voting-record/Jason-Smith-412596,0.48055774
http://www.hillcartoons.com,0.48054478
http://www.theyworkforyou.com/debates?id=2017-03-13e.38.1&s=speaker%3A10162,0.48011613
http://www.towncharts.com/Wisconsin/Education/Springfield-town-St-Croix-County-WI-Education-data.html,0.47963244
http://stmha.net/Leagues/2481,0.4794703
http://www.redkitecomputers.co.uk/launch-of-red-kite-computers,0.47278285
http://brandonjonesphotography.net/jeff-and-celeste-little-chapel-in-the-woods-wedding?replytocom=130802,0.47240514
http://celebritynetworthwiki.org/richest-actors/martin-buck-net-worth,0.4718554
http://buffalochronicle.com/2019/10/07/trudeau-is-rumored-to-be-in-talks-with-an-accusor-to-suppress-an-explosive-sex-scandal-that-may-force-him-from-office?replytocom=6934,0.4700685
http://theweedblog.com/hemp-info/group-of-senators-seeking-industrial-hemp-reform,0.469733
http://www.empirecenter.org/publications/state-goes-on-a-ran-run-as-ny-sinks-into-deeper-fiscal-hole,0.46086055
http://www.thewellnews.com/2020-elections/senate-watch/mn-senate-tina-smith-d,0.4541891
http://notpoliticallycorrect.me/2017/09/05/worldwide-iq-estimates-based-on-education-data?_wpnonce=a27ab57f89&like_comment=4606,0.45171487
http://sciencetrends.com/highest-possible-iq-people-hold-world-record?replytocom=10322,0.44923285
http://sciencetrends.com/highest-possible-iq-people-hold-world-record?replytocom=19932,0.44923285
http://sciencetrends.com/highest-possible-iq-people-hold-world-record?replytocom=2535,0.44923285
http://panafricannews.blogspot.com/2013/07/president-mugabe-commends-zimbabwe-women.html,0.44211543
http://panafricannews.blogspot.com/2019/07/imf-dissects-eritreas-economy-successes.html,0.44035804
http://crimeinformer.com/arrestArticle/Texas/129543,0.43740225
http://www.parallelparliament.co.uk/mp/theresa-may,0.42257386
http://www.eurasiareview.com/23092012-iran-may-launch-pre-emptive-strike-on-israel-conflict-could-grow-into-wwiii,0.41413304
http://chickenfriedpolitics.com/2019/01/12/former-san-antonio-mayor-julian-castro-announces-run-for-democratic-nomination,0.41199628
http://www.parallelparliament.co.uk/mp/gavin-newlands,0.40189266
